epoch,loss,reward,timestamp
1,0.144934,-3.43,2026-02-10T18:56:26.569997
2,0.102446,2852.71,2026-02-10T18:56:36.132965
3,0.090239,1383.17,2026-02-10T18:56:43.376197
4,0.082848,1699.98,2026-02-10T18:56:52.775427
5,0.077146,3843.56,2026-02-10T18:57:00.499067
6,0.073457,2028.62,2026-02-10T18:57:09.167360
7,0.070175,4143.37,2026-02-10T18:57:18.454750
8,0.067708,4247.59,2026-02-10T18:57:26.429464
9,0.065792,4031.48,2026-02-10T18:57:35.839609
10,0.064071,4004.99,2026-02-10T18:57:42.925656
11,0.062537,4349.01,2026-02-10T18:57:52.385465
12,0.061125,4175.56,2026-02-10T18:57:59.701484
13,0.059969,3945.07,2026-02-10T18:58:09.015571
14,0.058970,4338.69,2026-02-10T18:58:17.359633
15,0.057943,4028.63,2026-02-10T18:58:25.702240
16,0.057204,4178.11,2026-02-10T18:58:35.013778
17,0.056320,4192.78,2026-02-10T18:58:42.555390
18,0.055765,4288.06,2026-02-10T18:58:51.844542
19,0.054891,4264.44,2026-02-10T18:58:59.040326
20,0.054447,3094.89,2026-02-10T18:59:08.303549
21,0.054019,4126.60,2026-02-10T18:59:16.023654
22,0.053318,4289.36,2026-02-10T18:59:25.214193
23,0.052948,4226.44,2026-02-10T18:59:33.723524
24,0.052449,3649.83,2026-02-10T18:59:41.832240
25,0.052180,4213.71,2026-02-10T18:59:51.030055
26,0.051650,4120.27,2026-02-10T18:59:58.315400
27,0.051389,4290.40,2026-02-10T19:00:07.854315
28,0.051007,4319.19,2026-02-10T19:00:15.012067
29,0.050759,4734.76,2026-02-10T19:00:24.357731
30,0.050450,4222.52,2026-02-10T19:00:32.169832
31,0.050069,4312.92,2026-02-10T19:00:40.985729
32,0.049841,4104.20,2026-02-10T19:00:49.751371
33,0.049522,4233.11,2026-02-10T19:00:57.597601
34,0.049437,3974.35,2026-02-10T19:01:06.892048
35,0.049190,4180.96,2026-02-10T19:01:14.205787
36,0.048931,4036.89,2026-02-10T19:01:23.809819
37,0.048798,4196.69,2026-02-10T19:01:31.015643
38,0.048451,4281.23,2026-02-10T19:01:38.124773
39,0.048302,4335.74,2026-02-10T19:01:45.313719
40,0.048099,4192.30,2026-02-10T19:01:52.467828
41,0.047882,4208.09,2026-02-10T19:02:00.103155
42,0.047780,4984.75,2026-02-10T19:02:08.365983
43,0.047515,4306.14,2026-02-10T19:02:16.914772
44,0.047480,5954.20,2026-02-10T19:02:25.364970
45,0.047359,4380.05,2026-02-10T19:02:34.006081
46,0.047151,4064.60,2026-02-10T19:02:42.635026
47,0.047055,4305.78,2026-02-10T19:02:51.004346
48,0.046766,4347.87,2026-02-10T19:02:59.347187
49,0.046697,4228.12,2026-02-10T19:03:07.914536
50,0.046594,5575.50,2026-02-10T19:03:16.321722
51,0.046527,4330.04,2026-02-10T19:03:24.905137
52,0.046362,4122.71,2026-02-10T19:03:33.339748
53,0.046216,4244.63,2026-02-10T19:03:41.620045
54,0.046003,4333.83,2026-02-10T19:03:50.302355
55,0.045947,4187.42,2026-02-10T19:03:58.850686
56,0.045921,7758.57,2026-02-10T19:04:07.485594
57,0.045749,4534.72,2026-02-10T19:04:16.313214
58,0.045628,4245.63,2026-02-10T19:04:25.044816
59,0.045560,5858.24,2026-02-10T19:04:33.629808
60,0.045531,4160.96,2026-02-10T19:04:42.317878
61,0.045385,4352.56,2026-02-10T19:04:51.185676
62,0.045275,4366.83,2026-02-10T19:04:59.964057
63,0.045154,3938.48,2026-02-10T19:05:08.924608
64,0.045080,4276.85,2026-02-10T19:05:17.795744
65,0.045089,4203.17,2026-02-10T19:05:26.617925
66,0.044859,4257.45,2026-02-10T19:05:35.546371
67,0.044874,4297.48,2026-02-10T19:05:44.420817
68,0.044814,4189.57,2026-02-10T19:05:53.318507
69,0.044733,6801.37,2026-02-10T19:06:02.126071
70,0.044670,5591.43,2026-02-10T19:06:10.779494
71,0.044551,8883.22,2026-02-10T19:06:19.583533
72,0.044506,4312.98,2026-02-10T19:06:28.733412
73,0.044426,6591.30,2026-02-10T19:06:37.749073
74,0.044412,6690.02,2026-02-10T19:06:46.671127
75,0.044274,4196.64,2026-02-10T19:06:55.766981
76,0.044258,4097.37,2026-02-10T19:07:04.861911
77,0.044166,4236.78,2026-02-10T19:07:13.853997
78,0.044130,4263.51,2026-02-10T19:07:22.702016
79,0.043973,4036.18,2026-02-10T19:07:31.710956
80,0.043898,3161.55,2026-02-10T19:07:40.700828
81,0.043924,3683.80,2026-02-10T19:07:50.080827
82,0.043968,6101.57,2026-02-10T19:07:59.237939
83,0.043822,4268.39,2026-02-10T19:08:08.461387
84,0.043754,6802.06,2026-02-10T19:08:17.518347
85,0.043632,6789.93,2026-02-10T19:08:26.740526
86,0.043639,5418.06,2026-02-10T19:08:35.844594
87,0.043485,6552.62,2026-02-10T19:08:44.841132
88,0.043555,4101.40,2026-02-10T19:08:53.735054
89,0.043480,9444.17,2026-02-10T19:09:02.962287
90,0.043344,6888.59,2026-02-10T19:09:11.945903
91,0.043355,4272.15,2026-02-10T19:09:21.103054
92,0.043226,9428.28,2026-02-10T19:09:29.971052
93,0.043204,4327.20,2026-02-10T19:09:39.163302
94,0.043137,6776.09,2026-02-10T19:09:48.230528
95,0.043096,4333.16,2026-02-10T19:09:57.321859
96,0.043203,4202.18,2026-02-10T19:10:06.399427
97,0.043052,4199.15,2026-02-10T19:10:15.411397
98,0.042980,9667.11,2026-02-10T19:10:24.365587
99,0.042924,9481.76,2026-02-10T19:10:33.332046
100,0.042905,6939.57,2026-02-10T19:10:42.036299
101,0.042892,4938.80,2026-02-10T19:10:51.071204
102,0.042799,4111.71,2026-02-10T19:11:00.009268
103,0.042873,7419.58,2026-02-10T19:11:08.778823
104,0.042679,5220.13,2026-02-10T19:11:17.977625
105,0.042614,3703.48,2026-02-10T19:11:27.137239
106,0.042713,6201.92,2026-02-10T19:11:36.243449
107,0.042668,4373.30,2026-02-10T19:11:45.353020
108,0.042576,5171.89,2026-02-10T19:11:54.480564
109,0.042562,4255.61,2026-02-10T19:12:03.393603
110,0.042457,5823.34,2026-02-10T19:12:12.199127
111,0.042403,4266.28,2026-02-10T19:12:21.107070
112,0.042474,6980.52,2026-02-10T19:12:30.000356
113,0.042385,6717.31,2026-02-10T19:12:38.561429
114,0.042336,4274.79,2026-02-10T19:12:47.103354
115,0.042297,6908.73,2026-02-10T19:12:55.543255
116,0.042324,4329.64,2026-02-10T19:13:04.034024
117,0.042347,6889.48,2026-02-10T19:13:12.432017
118,0.042153,4277.76,2026-02-10T19:13:20.802204
119,0.042214,6712.68,2026-02-10T19:13:29.138650
120,0.042187,3689.44,2026-02-10T19:13:37.788587
121,0.042131,6732.40,2026-02-10T19:13:46.101000
122,0.042040,4836.51,2026-02-10T19:13:54.514137
123,0.042115,5580.47,2026-02-10T19:14:02.871341
124,0.042123,7564.47,2026-02-10T19:14:11.200100
125,0.041960,6960.32,2026-02-10T19:14:19.647051
126,0.041903,6956.14,2026-02-10T19:14:28.200236
127,0.041907,7464.42,2026-02-10T19:14:36.489612
128,0.041953,6875.07,2026-02-10T19:14:44.878566
129,0.041847,8275.23,2026-02-10T19:14:53.375536
130,0.041864,6828.83,2026-02-10T19:15:01.801772
131,0.041837,6955.48,2026-02-10T19:15:10.239888
132,0.041815,7023.31,2026-02-10T19:15:18.658409
133,0.041738,4432.10,2026-02-10T19:15:27.184167
134,0.041733,6854.57,2026-02-10T19:15:35.430711
135,0.041694,4654.36,2026-02-10T19:15:43.859921
136,0.041715,7258.17,2026-02-10T19:15:52.112607
137,0.041647,4298.38,2026-02-10T19:16:00.511542
138,0.041645,4352.96,2026-02-10T19:16:08.891449
139,0.041582,4298.96,2026-02-10T19:16:17.101026
140,0.041620,4695.60,2026-02-10T19:16:25.465643
141,0.041599,4251.13,2026-02-10T19:16:33.921102
142,0.041561,12529.59,2026-02-10T19:16:42.288936
143,0.041476,6993.88,2026-02-10T19:16:50.612253
144,0.041494,4301.13,2026-02-10T19:16:59.161634
145,0.041547,4174.02,2026-02-10T19:17:07.715184
146,0.041357,6905.93,2026-02-10T19:17:16.007039
147,0.041349,4254.76,2026-02-10T19:17:24.278833
148,0.041325,5818.12,2026-02-10T19:17:32.559252
149,0.041419,9192.37,2026-02-10T19:17:41.013943
150,0.041351,5136.59,2026-02-10T19:17:49.492400
151,0.041252,6619.78,2026-02-10T19:17:57.553184
152,0.041381,4251.43,2026-02-10T19:18:05.918455
153,0.041228,9589.53,2026-02-10T19:18:14.448860
154,0.041275,7095.94,2026-02-10T19:18:22.761276
155,0.041214,7109.81,2026-02-10T19:18:31.144367
156,0.041216,8543.37,2026-02-10T19:18:39.639447
157,0.041174,6848.31,2026-02-10T19:18:48.161249
158,0.041201,7004.22,2026-02-10T19:18:56.610232
159,0.041122,4224.60,2026-02-10T19:19:05.442297
160,0.041131,6975.01,2026-02-10T19:19:14.051724
161,0.041118,2788.63,2026-02-10T19:19:22.483863
162,0.041076,7704.44,2026-02-10T19:19:31.236999
163,0.041014,7035.20,2026-02-10T19:19:39.972393
164,0.040984,3913.19,2026-02-10T19:19:48.900149
165,0.041069,4206.78,2026-02-10T19:19:57.552022
166,0.040977,7080.85,2026-02-10T19:20:06.680839
167,0.040915,4231.96,2026-02-10T19:20:15.550095
168,0.040914,6896.24,2026-02-10T19:20:24.417784
169,0.040914,9417.44,2026-02-10T19:20:33.448923
170,0.040940,4292.03,2026-02-10T19:20:42.379657
171,0.040869,3384.81,2026-02-10T19:20:51.603925
172,0.040882,6871.46,2026-02-10T19:21:00.839107
173,0.040843,4658.05,2026-02-10T19:21:09.969457
174,0.040772,6750.72,2026-02-10T19:21:19.350926
175,0.040836,4231.98,2026-02-10T19:21:28.549429
176,0.040861,9882.11,2026-02-10T19:21:37.693766
177,0.040784,5120.17,2026-02-10T19:21:46.847386
178,0.040814,4329.94,2026-02-10T19:21:56.297261
179,0.040679,4170.74,2026-02-10T19:22:05.539964
180,0.040722,9061.53,2026-02-10T19:22:14.737079
181,0.040694,9266.91,2026-02-10T19:22:23.726843
182,0.040633,4315.60,2026-02-10T19:22:32.789978
183,0.040690,4274.78,2026-02-10T19:22:41.835612
184,0.040677,6912.01,2026-02-10T19:22:50.751776
185,0.040729,9589.04,2026-02-10T19:22:59.730069
186,0.040586,6466.00,2026-02-10T19:23:08.713637
187,0.040594,4280.20,2026-02-10T19:23:17.600520
188,0.040668,7148.55,2026-02-10T19:23:26.200323
189,0.040537,7057.38,2026-02-10T19:23:35.077303
190,0.040545,6833.43,2026-02-10T19:23:43.981837
191,0.040599,7056.35,2026-02-10T19:23:52.647164
192,0.040524,6909.38,2026-02-10T19:24:01.454814
193,0.040554,4035.26,2026-02-10T19:24:10.088685
194,0.040505,3228.39,2026-02-10T19:24:18.512917
195,0.040442,6835.44,2026-02-10T19:24:26.916491
196,0.040509,7053.39,2026-02-10T19:24:35.442653
197,0.040442,4981.44,2026-02-10T19:24:43.765241
198,0.040372,6908.72,2026-02-10T19:24:52.390149
199,0.040414,4595.77,2026-02-10T19:25:00.812767
200,0.040393,6979.30,2026-02-10T19:25:09.265899
201,0.040420,9797.55,2026-02-10T19:25:17.474937
202,0.040426,4229.38,2026-02-10T19:25:25.564195
203,0.040354,8217.80,2026-02-10T19:25:33.789309
204,0.040419,9241.18,2026-02-10T19:25:42.190146
205,0.040329,7045.61,2026-02-10T19:25:50.768096
206,0.040300,9291.74,2026-02-10T19:25:59.217515
207,0.040385,4166.45,2026-02-10T19:26:07.798052
208,0.040286,4267.10,2026-02-10T19:26:16.249762
209,0.040384,4096.27,2026-02-10T19:26:24.432419
210,0.040240,3785.24,2026-02-10T19:26:32.910436
211,0.040227,4262.87,2026-02-10T19:26:41.179249
212,0.040286,5966.63,2026-02-10T19:26:49.786252
213,0.040262,6988.25,2026-02-10T19:26:58.149972
214,0.040182,9741.45,2026-02-10T19:27:06.579999
215,0.040209,4365.04,2026-02-10T19:27:14.944596
216,0.040321,9868.93,2026-02-10T19:27:23.332360
217,0.040269,7036.22,2026-02-10T19:27:31.729985
218,0.040146,3559.37,2026-02-10T19:27:40.232500
219,0.040051,4197.56,2026-02-10T19:27:48.729168
220,0.040184,3329.75,2026-02-10T19:27:57.031796
221,0.040095,7267.96,2026-02-10T19:28:05.397860
222,0.040113,9914.52,2026-02-10T19:28:13.807399
223,0.040126,4603.69,2026-02-10T19:28:22.273667
224,0.039940,3973.03,2026-02-10T19:28:30.771617
225,0.040093,7057.18,2026-02-10T19:28:39.067563
226,0.040075,12460.68,2026-02-10T19:28:47.800119
227,0.040027,4402.83,2026-02-10T19:28:56.296743
228,0.040008,4192.68,2026-02-10T19:29:05.014318
229,0.040004,4239.44,2026-02-10T19:29:13.687424
230,0.040055,7091.73,2026-02-10T19:29:22.297095
231,0.039933,4344.89,2026-02-10T19:29:30.978059
232,0.039999,6793.91,2026-02-10T19:29:39.864503
233,0.039974,5491.71,2026-02-10T19:29:48.535078
234,0.039948,12490.56,2026-02-10T19:29:57.366498
235,0.039949,4366.75,2026-02-10T19:30:06.193821
236,0.039897,4243.13,2026-02-10T19:30:15.191641
237,0.039914,3788.08,2026-02-10T19:30:24.140336
238,0.039936,4699.35,2026-02-10T19:30:33.442853
239,0.039893,4159.20,2026-02-10T19:30:42.245597
240,0.039906,7051.77,2026-02-10T19:30:51.240048
241,0.039878,7094.83,2026-02-10T19:31:00.538243
242,0.039792,5867.91,2026-02-10T19:31:09.796412
243,0.039886,6596.85,2026-02-10T19:31:19.146653
244,0.039862,4261.93,2026-02-10T19:31:28.163327
245,0.039756,11867.86,2026-02-10T19:31:37.387239
246,0.039823,6611.61,2026-02-10T19:31:46.674886
247,0.039768,4344.74,2026-02-10T19:31:55.932653
248,0.039760,6889.54,2026-02-10T19:32:05.038008
249,0.039763,6156.86,2026-02-10T19:32:14.208144
250,0.039725,7007.24,2026-02-10T19:32:23.234661
251,0.039670,7017.90,2026-02-10T19:32:32.425684
252,0.039797,4200.20,2026-02-10T19:32:41.458276
253,0.039737,4433.29,2026-02-10T19:32:50.381949
254,0.039747,4263.71,2026-02-10T19:32:59.532132
255,0.039655,5955.12,2026-02-10T19:33:08.492473
256,0.039673,9276.26,2026-02-10T19:33:17.526864
257,0.039752,6806.61,2026-02-10T19:33:26.574425
258,0.039613,4191.06,2026-02-10T19:33:35.402391
259,0.039693,7072.28,2026-02-10T19:33:44.377995
260,0.039699,4188.59,2026-02-10T19:33:53.040615
261,0.039719,7061.56,2026-02-10T19:34:01.488720
262,0.039655,7004.49,2026-02-10T19:34:10.306800
263,0.039636,7183.56,2026-02-10T19:34:18.772785
264,0.039580,6951.70,2026-02-10T19:34:27.295502
265,0.039632,6848.92,2026-02-10T19:34:35.716256
266,0.039644,5390.57,2026-02-10T19:34:44.102240
267,0.039637,9406.72,2026-02-10T19:34:52.560823
268,0.039586,9744.87,2026-02-10T19:35:00.833114
269,0.039516,6924.26,2026-02-10T19:35:09.426415
270,0.039596,6993.59,2026-02-10T19:35:17.828206
271,0.039521,5924.40,2026-02-10T19:35:26.074452
272,0.039534,4264.64,2026-02-10T19:35:34.479754
273,0.039478,4327.68,2026-02-10T19:35:43.090310
274,0.039483,5772.76,2026-02-10T19:35:51.555471
275,0.039478,4416.93,2026-02-10T19:36:00.045990
276,0.039526,4342.36,2026-02-10T19:36:08.533921
277,0.039490,4192.78,2026-02-10T19:36:16.851462
278,0.039448,8089.09,2026-02-10T19:36:25.184346
279,0.039438,5139.73,2026-02-10T19:36:33.726439
280,0.039462,4241.15,2026-02-10T19:36:42.146549
281,0.039544,6938.57,2026-02-10T19:36:50.426095
282,0.039467,10670.31,2026-02-10T19:36:58.819706
283,0.039398,7050.48,2026-02-10T19:37:07.195275
284,0.039416,4382.68,2026-02-10T19:37:15.750466
285,0.039452,6097.48,2026-02-10T19:37:24.384199
286,0.039434,7065.38,2026-02-10T19:37:33.046093
287,0.039394,9720.89,2026-02-10T19:37:41.730456
288,0.039355,9533.92,2026-02-10T19:37:50.408129
289,0.039360,12638.42,2026-02-10T19:37:59.441505
290,0.039326,4209.77,2026-02-10T19:38:08.428477
291,0.039319,4589.01,2026-02-10T19:38:17.407535
292,0.039382,7918.87,2026-02-10T19:38:26.464583
293,0.039342,4242.06,2026-02-10T19:38:35.695183
294,0.039306,6723.64,2026-02-10T19:38:44.654453
295,0.039267,7143.23,2026-02-10T19:38:53.722406
296,0.039367,3204.06,2026-02-10T19:39:02.984811
297,0.039249,9042.23,2026-02-10T19:39:12.060750
298,0.039285,4803.72,2026-02-10T19:39:21.163512
299,0.039247,4318.07,2026-02-10T19:39:30.225540
300,0.039198,4382.29,2026-02-10T19:39:39.166846
301,0.039238,7059.28,2026-02-10T19:39:47.942771
302,0.039322,6993.22,2026-02-10T19:39:56.744900
303,0.039334,6452.79,2026-02-10T19:40:05.412750
304,0.039266,4243.97,2026-02-10T19:40:14.206748
305,0.039269,3593.02,2026-02-10T19:40:22.747356
306,0.039266,7107.78,2026-02-10T19:40:31.414740
307,0.039217,4096.04,2026-02-10T19:40:39.600198
308,0.039182,7057.05,2026-02-10T19:40:47.965704
309,0.039188,4319.51,2026-02-10T19:40:56.373595
310,0.039228,4201.41,2026-02-10T19:41:04.679450
311,0.039151,4366.93,2026-02-10T19:41:13.058812
312,0.039247,9880.99,2026-02-10T19:41:21.512651
313,0.039227,7081.85,2026-02-10T19:41:29.775283
314,0.039147,6235.26,2026-02-10T19:41:37.955225
315,0.039135,6441.70,2026-02-10T19:41:46.220678
316,0.039067,4327.38,2026-02-10T19:41:54.646188
317,0.039157,9416.78,2026-02-10T19:42:03.179495
318,0.039128,4354.59,2026-02-10T19:42:11.590347
319,0.039177,4220.01,2026-02-10T19:42:19.779327
320,0.039106,12368.87,2026-02-10T19:42:28.067207
321,0.039138,4251.00,2026-02-10T19:42:36.477703
322,0.039021,7088.71,2026-02-10T19:42:44.869262
323,0.039040,6480.30,2026-02-10T19:42:53.082007
324,0.039171,4192.32,2026-02-10T19:43:01.312613
325,0.039132,6959.67,2026-02-10T19:43:09.798073
326,0.039110,6625.14,2026-02-10T19:43:18.224861
327,0.039053,4378.13,2026-02-10T19:43:26.685685
328,0.039075,6600.17,2026-02-10T19:43:34.999852
329,0.039062,7042.01,2026-02-10T19:43:43.154664
330,0.039024,7027.18,2026-02-10T19:43:51.227040
331,0.039115,6929.57,2026-02-10T19:43:59.436038
332,0.039073,4384.44,2026-02-10T19:44:07.592610
333,0.038981,4668.20,2026-02-10T19:44:16.042540
334,0.038981,4219.56,2026-02-10T19:44:24.477922
335,0.039036,4281.21,2026-02-10T19:44:32.883370
336,0.039081,6870.17,2026-02-10T19:44:41.400978
337,0.038996,5151.63,2026-02-10T19:44:49.513209
338,0.038960,7031.34,2026-02-10T19:44:57.957958
339,0.039023,4366.69,2026-02-10T19:45:06.530290
340,0.038898,11323.26,2026-02-10T19:45:14.998135
341,0.039042,12456.73,2026-02-10T19:45:23.486136
342,0.038960,6766.50,2026-02-10T19:45:31.739883
343,0.038952,6868.74,2026-02-10T19:45:40.325669
344,0.038908,4260.63,2026-02-10T19:45:48.689444
345,0.038950,7116.80,2026-02-10T19:45:56.989664
346,0.038926,4275.01,2026-02-10T19:46:05.659311
347,0.038941,6922.18,2026-02-10T19:46:14.394493
348,0.038955,7735.31,2026-02-10T19:46:22.886777
349,0.038937,4256.90,2026-02-10T19:46:31.324924
350,0.038898,8465.89,2026-02-10T19:46:39.937710
351,0.038892,10795.17,2026-02-10T19:46:48.572662
352,0.038947,6950.47,2026-02-10T19:46:57.271247
353,0.038908,8980.26,2026-02-10T19:47:06.119831
354,0.038907,9605.50,2026-02-10T19:47:14.808588
355,0.038905,6485.35,2026-02-10T19:47:23.370963
356,0.038814,12469.57,2026-02-10T19:47:31.815129
357,0.038852,6845.46,2026-02-10T19:47:40.467861
358,0.038893,6990.15,2026-02-10T19:47:49.108128
359,0.038871,9806.50,2026-02-10T19:47:57.947955
360,0.038799,4264.03,2026-02-10T19:48:06.613041
361,0.038862,6882.04,2026-02-10T19:48:15.455468
362,0.038819,4208.57,2026-02-10T19:48:24.409051
363,0.038786,9305.14,2026-02-10T19:48:33.426376
364,0.038945,9662.06,2026-02-10T19:48:42.702541
365,0.038808,9578.34,2026-02-10T19:48:51.824661
366,0.038795,4302.00,2026-02-10T19:49:00.980890
367,0.038745,4189.20,2026-02-10T19:49:09.793311
368,0.038802,6934.60,2026-02-10T19:49:18.713620
369,0.038731,9177.83,2026-02-10T19:49:27.657054
370,0.038842,9911.87,2026-02-10T19:49:36.506176
371,0.038762,4231.64,2026-02-10T19:49:45.007443
372,0.038843,4166.27,2026-02-10T19:49:53.684019
373,0.038771,9646.62,2026-02-10T19:50:02.071343
374,0.038738,9586.53,2026-02-10T19:50:10.667124
375,0.038746,4147.51,2026-02-10T19:50:19.135137
376,0.038752,4170.92,2026-02-10T19:50:27.510948
377,0.038784,6992.39,2026-02-10T19:50:35.899920
378,0.038723,9972.27,2026-02-10T19:50:44.140728
379,0.038713,6640.05,2026-02-10T19:50:52.727810
380,0.038716,7083.59,2026-02-10T19:51:00.993149
381,0.038684,7157.17,2026-02-10T19:51:09.556910
382,0.038725,4319.98,2026-02-10T19:51:17.762578
383,0.038710,6888.45,2026-02-10T19:51:26.182494
384,0.038623,4479.22,2026-02-10T19:51:34.667346
385,0.038728,4072.87,2026-02-10T19:51:42.815483
386,0.038664,7296.37,2026-02-10T19:51:51.216438
387,0.038674,6989.71,2026-02-10T19:51:59.387607
388,0.038703,4187.17,2026-02-10T19:52:07.724417
389,0.038689,6734.66,2026-02-10T19:52:16.315939
390,0.038669,7014.64,2026-02-10T19:52:24.796595
391,0.038669,9917.38,2026-02-10T19:52:33.109993
392,0.038643,4343.32,2026-02-10T19:52:41.563458
393,0.038661,4216.76,2026-02-10T19:52:50.069729
394,0.038667,7088.78,2026-02-10T19:52:58.441254
395,0.038684,3491.18,2026-02-10T19:53:06.976603
396,0.038657,9842.85,2026-02-10T19:53:15.431042
397,0.038701,4355.22,2026-02-10T19:53:23.830019
398,0.038614,4132.43,2026-02-10T19:53:32.275836
399,0.038585,12523.90,2026-02-10T19:53:40.716969
400,0.038581,6998.70,2026-02-10T19:53:49.337242
401,0.038593,4278.10,2026-02-10T19:53:57.810793
402,0.038658,9662.67,2026-02-10T19:54:06.546258
403,0.038546,4237.47,2026-02-10T19:54:15.283262
404,0.038648,9477.81,2026-02-10T19:54:24.081592
405,0.038566,9965.65,2026-02-10T19:54:32.875798
406,0.038569,4181.63,2026-02-10T19:54:41.339276
407,0.038585,7116.14,2026-02-10T19:54:49.982236
408,0.038707,4412.68,2026-02-10T19:54:58.681552
409,0.038516,9573.80,2026-02-10T19:55:07.147945
410,0.038599,7099.65,2026-02-10T19:55:16.077432
411,0.038469,4266.24,2026-02-10T19:55:24.847238
412,0.038594,6970.83,2026-02-10T19:55:33.553261
413,0.038515,7023.07,2026-02-10T19:55:42.434435
414,0.038438,7088.07,2026-02-10T19:55:51.250783
415,0.038544,6856.58,2026-02-10T19:56:00.338927
416,0.038463,4277.51,2026-02-10T19:56:09.441818
417,0.038547,4344.26,2026-02-10T19:56:18.534030
418,0.038548,7021.66,2026-02-10T19:56:27.984357
419,0.038411,7122.14,2026-02-10T19:56:37.035219
420,0.038494,4272.73,2026-02-10T19:56:46.154262
421,0.038504,8491.97,2026-02-10T19:56:55.159424
422,0.038617,9433.52,2026-02-10T19:57:04.117763
423,0.038521,3453.03,2026-02-10T19:57:13.046099
424,0.038474,4264.11,2026-02-10T19:57:21.669956
425,0.038475,4310.37,2026-02-10T19:57:30.483644
426,0.038539,6583.30,2026-02-10T19:57:39.108708
427,0.038497,4364.29,2026-02-10T19:57:47.817519
428,0.038410,4194.54,2026-02-10T19:57:56.376815
429,0.038422,4114.27,2026-02-10T19:58:04.841708
430,0.038479,5010.66,2026-02-10T19:58:13.130537
431,0.038393,4212.62,2026-02-10T19:58:21.413536
432,0.038422,4264.24,2026-02-10T19:58:29.936996
433,0.038501,9799.72,2026-02-10T19:58:38.299224
434,0.038443,6820.10,2026-02-10T19:58:46.683215
435,0.038391,6941.30,2026-02-10T19:58:55.012611
436,0.038450,3188.00,2026-02-10T19:59:03.359349
437,0.038421,4290.14,2026-02-10T19:59:11.673889
438,0.038427,7276.31,2026-02-10T19:59:20.146050
439,0.038503,7187.84,2026-02-10T19:59:28.724139
440,0.038415,9726.20,2026-02-10T19:59:37.029526
441,0.038360,7017.27,2026-02-10T19:59:45.271544
442,0.038351,4235.63,2026-02-10T19:59:53.690718
443,0.038387,7185.96,2026-02-10T20:00:01.875176
444,0.038434,5437.11,2026-02-10T20:00:10.225197
445,0.038402,4159.65,2026-02-10T20:00:18.632374
446,0.038362,4237.14,2026-02-10T20:00:26.967636
447,0.038365,4290.80,2026-02-10T20:00:35.389805
448,0.038359,4191.42,2026-02-10T20:00:43.855114
449,0.038423,12642.05,2026-02-10T20:00:52.346654
450,0.038274,7125.40,2026-02-10T20:01:00.605636
451,0.038332,8829.29,2026-02-10T20:01:09.039550
452,0.038354,7901.61,2026-02-10T20:01:17.320950
453,0.038354,7082.58,2026-02-10T20:01:25.588807
454,0.038275,9881.79,2026-02-10T20:01:34.026796
455,0.038339,9923.73,2026-02-10T20:01:42.558487
456,0.038363,7093.92,2026-02-10T20:01:51.454969
457,0.038232,5328.51,2026-02-10T20:01:59.881075
458,0.038419,4986.96,2026-02-10T20:02:08.585745
459,0.038269,7014.49,2026-02-10T20:02:17.320256
460,0.038260,8379.91,2026-02-10T20:02:26.173709
461,0.038287,7113.20,2026-02-10T20:02:34.925711
462,0.038358,6991.38,2026-02-10T20:02:43.564822
463,0.038334,8180.95,2026-02-10T20:02:52.298525
464,0.038244,4318.63,2026-02-10T20:03:01.102914
465,0.038309,9836.04,2026-02-10T20:03:10.147526
466,0.038326,6596.16,2026-02-10T20:03:18.970644
467,0.038207,10985.73,2026-02-10T20:03:27.845689
468,0.038281,6841.46,2026-02-10T20:03:36.918148
469,0.038242,4205.48,2026-02-10T20:03:45.982260
470,0.038213,4310.40,2026-02-10T20:03:55.009127
471,0.038255,4355.43,2026-02-10T20:04:04.039333
472,0.038300,4239.85,2026-02-10T20:04:13.016859
473,0.038210,6958.80,2026-02-10T20:04:22.082065
474,0.038323,4466.47,2026-02-10T20:04:31.040296
475,0.038256,9615.28,2026-02-10T20:04:40.165971
476,0.038230,7223.44,2026-02-10T20:04:49.019956
477,0.038132,4267.78,2026-02-10T20:04:57.807004
478,0.038247,4586.13,2026-02-10T20:05:06.507975
479,0.038244,9491.26,2026-02-10T20:05:15.155843
480,0.038300,6908.46,2026-02-10T20:05:23.746184
481,0.038268,8271.96,2026-02-10T20:05:32.054388
482,0.038223,4296.84,2026-02-10T20:05:40.473132
483,0.038234,7077.39,2026-02-10T20:05:49.020712
484,0.038238,4236.10,2026-02-10T20:05:57.360894
485,0.038210,7296.65,2026-02-10T20:06:05.683520
486,0.038222,4158.40,2026-02-10T20:06:13.911612
487,0.038252,8268.76,2026-02-10T20:06:22.434502
488,0.038171,3821.56,2026-02-10T20:06:30.851027
489,0.038198,6961.83,2026-02-10T20:06:39.276529
490,0.038248,7169.73,2026-02-10T20:06:47.674564
491,0.038194,9904.33,2026-02-10T20:06:55.854222
492,0.038211,3509.83,2026-02-10T20:07:04.192686
493,0.038248,6968.39,2026-02-10T20:07:12.694586
494,0.038160,4219.02,2026-02-10T20:07:21.125634
495,0.038190,6889.98,2026-02-10T20:07:29.384894
496,0.038096,4313.42,2026-02-10T20:07:37.709043
497,0.038180,4210.58,2026-02-10T20:07:46.303980
498,0.038174,7115.03,2026-02-10T20:07:54.690072
499,0.038069,7068.95,2026-02-10T20:08:02.977193
500,0.038173,4337.11,2026-02-10T20:08:11.617843
501,0.038125,3253.65,2026-02-10T20:08:20.099618
502,0.038147,4115.12,2026-02-10T20:08:28.459403
503,0.038161,6821.28,2026-02-10T20:08:36.662891
504,0.038118,3046.87,2026-02-10T20:08:45.014897
505,0.038106,9957.26,2026-02-10T20:08:53.318565
506,0.038181,6760.42,2026-02-10T20:09:01.655767
507,0.038109,6853.44,2026-02-10T20:09:09.800813
508,0.038119,4251.11,2026-02-10T20:09:18.262994
509,0.038124,7154.50,2026-02-10T20:09:26.598102
510,0.038123,7090.79,2026-02-10T20:09:34.800816
511,0.038110,7091.88,2026-02-10T20:09:43.414375
512,0.038045,3556.55,2026-02-10T20:09:51.609010
513,0.038073,6286.63,2026-02-10T20:09:59.850857
514,0.038090,4324.15,2026-02-10T20:10:08.154642
515,0.038167,7125.77,2026-02-10T20:10:16.477131
516,0.038087,4317.75,2026-02-10T20:10:24.923795
517,0.038122,9229.24,2026-02-10T20:10:33.048287
518,0.038134,5862.59,2026-02-10T20:10:41.161103
519,0.038109,7207.96,2026-02-10T20:10:49.406043
520,0.038009,4302.50,2026-02-10T20:10:57.830278
521,0.038077,9808.22,2026-02-10T20:11:06.418100
522,0.038055,6887.08,2026-02-10T20:11:15.058550
523,0.037989,4219.90,2026-02-10T20:11:23.845117
524,0.038085,6814.10,2026-02-10T20:11:32.423184
525,0.037975,7212.21,2026-02-10T20:11:40.986095
526,0.038070,9678.09,2026-02-10T20:11:49.487113
527,0.038128,4277.77,2026-02-10T20:11:58.125593
528,0.037965,7067.36,2026-02-10T20:12:06.577964
529,0.037987,7132.49,2026-02-10T20:12:15.245442
530,0.037934,4417.70,2026-02-10T20:12:24.029319
531,0.038062,7178.44,2026-02-10T20:12:32.802120
532,0.037970,4219.81,2026-02-10T20:12:41.741820
533,0.037977,10002.60,2026-02-10T20:12:50.643888
534,0.038059,4350.80,2026-02-10T20:12:59.851170
535,0.037944,7126.12,2026-02-10T20:13:09.213109
536,0.037998,3896.73,2026-02-10T20:13:18.488774
537,0.038056,7022.86,2026-02-10T20:13:27.509631
538,0.037954,4232.13,2026-02-10T20:13:36.947589
539,0.037959,7203.31,2026-02-10T20:13:45.803763
540,0.037958,4660.30,2026-02-10T20:13:54.853364
541,0.037966,3462.59,2026-02-10T20:14:03.786102
542,0.037991,7079.95,2026-02-10T20:14:12.555498
543,0.037906,4418.12,2026-02-10T20:14:21.021643
544,0.037910,4387.60,2026-02-10T20:14:29.651063
545,0.037916,4278.78,2026-02-10T20:14:38.312297
546,0.037922,4244.23,2026-02-10T20:14:46.796926
547,0.037992,8748.06,2026-02-10T20:14:55.122301
548,0.037978,4088.43,2026-02-10T20:15:03.536668
549,0.037865,7035.99,2026-02-10T20:15:12.088978
550,0.037938,4305.06,2026-02-10T20:15:20.654129
551,0.037930,7184.02,2026-02-10T20:15:28.852376
552,0.037915,9787.68,2026-02-10T20:15:37.192200
553,0.037964,4298.77,2026-02-10T20:15:45.435374
554,0.037918,7193.99,2026-02-10T20:15:53.733071
555,0.037890,8071.91,2026-02-10T20:16:01.962432
556,0.037941,7092.05,2026-02-10T20:16:10.466865
557,0.038019,6632.70,2026-02-10T20:16:18.732319
558,0.037910,7105.00,2026-02-10T20:16:26.941116
559,0.037979,4296.53,2026-02-10T20:16:35.168978
560,0.037913,4228.89,2026-02-10T20:16:43.412327
561,0.037978,7109.48,2026-02-10T20:16:51.908654
562,0.037887,3463.59,2026-02-10T20:17:00.230446
563,0.037882,7263.56,2026-02-10T20:17:08.692355
564,0.037867,7104.27,2026-02-10T20:17:16.959470
565,0.037953,6005.91,2026-02-10T20:17:25.413910
566,0.037914,5089.02,2026-02-10T20:17:33.909983
567,0.037913,4249.57,2026-02-10T20:17:42.184766
568,0.037799,4152.29,2026-02-10T20:17:50.357384
569,0.037874,7155.27,2026-02-10T20:17:58.598060
570,0.037889,3124.95,2026-02-10T20:18:07.018920
571,0.037894,4231.62,2026-02-10T20:18:15.338784
572,0.037885,6609.24,2026-02-10T20:18:23.726286
573,0.037913,9811.51,2026-02-10T20:18:32.117607
574,0.037866,6616.53,2026-02-10T20:18:40.262385
575,0.037890,4268.68,2026-02-10T20:18:48.612353
576,0.037861,5811.57,2026-02-10T20:18:56.864084
577,0.037868,4295.17,2026-02-10T20:19:05.127071
578,0.037842,7126.15,2026-02-10T20:19:13.339848
579,0.037793,5572.44,2026-02-10T20:19:21.605552
580,0.037928,6808.66,2026-02-10T20:19:29.922297
581,0.037876,6838.99,2026-02-10T20:19:38.349800
582,0.037823,7074.72,2026-02-10T20:19:46.858010
583,0.037894,4373.53,2026-02-10T20:19:55.320079
584,0.037837,4265.05,2026-02-10T20:20:03.633583
585,0.037877,4208.29,2026-02-10T20:20:12.314388
586,0.037850,4279.24,2026-02-10T20:20:21.051176
587,0.037887,4375.92,2026-02-10T20:20:30.123579
588,0.037798,3452.66,2026-02-10T20:20:39.233076
589,0.037847,7094.52,2026-02-10T20:20:48.384026
590,0.037774,4267.26,2026-02-10T20:20:57.402419
591,0.037768,7395.01,2026-02-10T20:21:06.592916
592,0.037770,7138.38,2026-02-10T20:21:15.597753
593,0.037844,7024.30,2026-02-10T20:21:24.851484
594,0.037803,3632.08,2026-02-10T20:21:33.827900
595,0.037828,4115.10,2026-02-10T20:21:42.641926
596,0.037785,3814.05,2026-02-10T20:21:51.353571
597,0.037813,4406.23,2026-02-10T20:21:59.964807
598,0.037819,4430.96,2026-02-10T20:22:08.445767
599,0.037795,6942.53,2026-02-10T20:22:16.991301
600,0.037784,7175.56,2026-02-10T20:22:25.205520
601,0.037814,8327.48,2026-02-10T20:22:33.703947
602,0.037784,7033.61,2026-02-10T20:22:42.202684
603,0.037769,9677.10,2026-02-10T20:22:50.499384
604,0.037801,7170.37,2026-02-10T20:22:58.851083
605,0.037726,6902.84,2026-02-10T20:23:07.279928
606,0.037787,4049.67,2026-02-10T20:23:15.633626
607,0.037795,6890.50,2026-02-10T20:23:24.125199
608,0.037764,4243.12,2026-02-10T20:23:32.581408
609,0.037805,5989.24,2026-02-10T20:23:40.794968
610,0.037719,6591.54,2026-02-10T20:23:49.108217
611,0.037780,6928.35,2026-02-10T20:23:57.448744
612,0.037709,6474.28,2026-02-10T20:24:05.718535
613,0.037740,4255.94,2026-02-10T20:24:14.006967
614,0.037811,9453.16,2026-02-10T20:24:22.354244
615,0.037728,7057.68,2026-02-10T20:24:30.826841
616,0.037728,3886.91,2026-02-10T20:24:39.240589
617,0.037779,4292.50,2026-02-10T20:24:47.682573
618,0.037791,7175.35,2026-02-10T20:24:56.105323
619,0.037715,6669.56,2026-02-10T20:25:04.270904
620,0.037712,9630.79,2026-02-10T20:25:12.343450
621,0.037698,3267.50,2026-02-10T20:25:20.484907
622,0.037733,9930.56,2026-02-10T20:25:28.915439
623,0.037734,6677.65,2026-02-10T20:25:36.998664
624,0.037762,9717.69,2026-02-10T20:25:45.016020
625,0.037740,4215.78,2026-02-10T20:25:53.123173
626,0.037726,4234.99,2026-02-10T20:26:01.494867
627,0.037715,7147.45,2026-02-10T20:26:09.662093
628,0.037731,7972.77,2026-02-10T20:26:18.156862
629,0.037689,4293.25,2026-02-10T20:26:26.523476
630,0.037756,4767.01,2026-02-10T20:26:34.964543
631,0.037755,12901.93,2026-02-10T20:26:43.337534
632,0.037662,4245.05,2026-02-10T20:26:51.614092
633,0.037739,7105.80,2026-02-10T20:27:00.101059
634,0.037698,7117.31,2026-02-10T20:27:08.291154
635,0.037671,9752.35,2026-02-10T20:27:16.698590
636,0.037636,4117.81,2026-02-10T20:27:24.889147
637,0.037743,7092.13,2026-02-10T20:27:33.016708
638,0.037722,4271.24,2026-02-10T20:27:41.213086
639,0.037711,7041.18,2026-02-10T20:27:49.431649
640,0.037678,7136.94,2026-02-10T20:27:57.765509
641,0.037638,4526.29,2026-02-10T20:28:06.084894
642,0.037743,10043.17,2026-02-10T20:28:14.452002
643,0.037708,7152.33,2026-02-10T20:28:22.743987
644,0.037689,6873.45,2026-02-10T20:28:30.937037
645,0.037662,9960.89,2026-02-10T20:28:39.439844
646,0.037680,5352.55,2026-02-10T20:28:47.771843
647,0.037666,4337.71,2026-02-10T20:28:56.009842
648,0.037575,9446.88,2026-02-10T20:29:04.528225
649,0.037639,12642.82,2026-02-10T20:29:12.993102
650,0.037685,4299.86,2026-02-10T20:29:21.501245
651,0.037722,4458.64,2026-02-10T20:29:30.142771
652,0.037658,7167.96,2026-02-10T20:29:38.946228
653,0.037660,4294.74,2026-02-10T20:29:47.783740
654,0.037653,4267.75,2026-02-10T20:29:56.619047
655,0.037678,7120.83,2026-02-10T20:30:05.336427
656,0.037599,12914.07,2026-02-10T20:30:14.124850
657,0.037570,7090.14,2026-02-10T20:30:22.823543
658,0.037630,4117.44,2026-02-10T20:30:31.524056
659,0.037629,7694.51,2026-02-10T20:30:40.419020
660,0.037637,9951.41,2026-02-10T20:30:49.138683
661,0.037617,4353.71,2026-02-10T20:30:57.940595
662,0.037545,7111.11,2026-02-10T20:31:06.651800
663,0.037631,4225.57,2026-02-10T20:31:15.638088
664,0.037657,4347.64,2026-02-10T20:31:24.038888
665,0.037576,9203.28,2026-02-10T20:31:32.631095
666,0.037611,9068.60,2026-02-10T20:31:41.507648
667,0.037575,4074.72,2026-02-10T20:31:50.185305
668,0.037592,8308.80,2026-02-10T20:31:58.814484
669,0.037597,5936.71,2026-02-10T20:32:07.412616
670,0.037547,4162.29,2026-02-10T20:32:16.197190
671,0.037521,4309.73,2026-02-10T20:32:24.821817
672,0.037625,4219.77,2026-02-10T20:32:33.525864
673,0.037670,6902.84,2026-02-10T20:32:42.314516
674,0.037542,7054.45,2026-02-10T20:32:51.014332
675,0.037564,8937.53,2026-02-10T20:32:59.697651
676,0.037613,8118.38,2026-02-10T20:33:08.694513
677,0.037569,9227.89,2026-02-10T20:33:17.585343
678,0.037524,4227.41,2026-02-10T20:33:26.424469
679,0.037600,7085.74,2026-02-10T20:33:35.498641
680,0.037676,4302.73,2026-02-10T20:33:44.599199
681,0.037507,4289.65,2026-02-10T20:33:53.860892
682,0.037599,6870.49,2026-02-10T20:34:02.843985
683,0.037571,4293.62,2026-02-10T20:34:11.985829
684,0.037623,8694.41,2026-02-10T20:34:20.768700
685,0.037628,3765.63,2026-02-10T20:34:29.459357
686,0.037562,6828.60,2026-02-10T20:34:38.257711
687,0.037624,3675.45,2026-02-10T20:34:47.343071
688,0.037525,9747.95,2026-02-10T20:34:56.208363
689,0.037605,4386.07,2026-02-10T20:35:04.847469
690,0.037530,7058.45,2026-02-10T20:35:13.360529
691,0.037571,8694.99,2026-02-10T20:35:22.113279
692,0.037558,9029.86,2026-02-10T20:35:30.839729
693,0.037497,4088.81,2026-02-10T20:35:39.810185
694,0.037591,6968.52,2026-02-10T20:35:48.863607
695,0.037465,7246.17,2026-02-10T20:35:57.664193
696,0.037525,7014.62,2026-02-10T20:36:06.342956
697,0.037479,4360.57,2026-02-10T20:36:15.239963
698,0.037493,8700.04,2026-02-10T20:36:24.269043
699,0.037523,3049.54,2026-02-10T20:36:33.320898
700,0.037523,9966.14,2026-02-10T20:36:42.279327
701,0.037540,6323.49,2026-02-10T20:36:50.981431
702,0.037559,6200.40,2026-02-10T20:36:59.923888
703,0.037540,7061.11,2026-02-10T20:37:08.593133
704,0.037467,7196.28,2026-02-10T20:37:17.242419
705,0.037502,9918.46,2026-02-10T20:37:26.077079
706,0.037543,10955.85,2026-02-10T20:37:34.882780
707,0.037498,6373.45,2026-02-10T20:37:43.555260
708,0.037443,12885.52,2026-02-10T20:37:52.244346
709,0.037512,4285.70,2026-02-10T20:38:00.671416
710,0.037510,4242.24,2026-02-10T20:38:09.130646
711,0.037505,3985.84,2026-02-10T20:38:17.351387
712,0.037488,4343.80,2026-02-10T20:38:25.670065
713,0.037466,7142.16,2026-02-10T20:38:34.097333
714,0.037480,4242.54,2026-02-10T20:38:42.616090
715,0.037455,4100.01,2026-02-10T20:38:50.951773
716,0.037459,7214.05,2026-02-10T20:38:59.482029
717,0.037490,7061.18,2026-02-10T20:39:07.822014
718,0.037558,7148.95,2026-02-10T20:39:16.032723
719,0.037494,7199.58,2026-02-10T20:39:24.525976
720,0.037477,9781.67,2026-02-10T20:39:32.816035
721,0.037457,11744.67,2026-02-10T20:39:41.331975
722,0.037475,7084.28,2026-02-10T20:39:49.604692
723,0.037532,7256.53,2026-02-10T20:39:57.977156
724,0.037471,3366.75,2026-02-10T20:40:06.320505
725,0.037469,5102.18,2026-02-10T20:40:14.735489
726,0.037479,4224.48,2026-02-10T20:40:22.942131
727,0.037465,7084.36,2026-02-10T20:40:31.251596
728,0.037411,9367.96,2026-02-10T20:40:39.692393
729,0.037462,7115.19,2026-02-10T20:40:47.867845
730,0.037445,6585.91,2026-02-10T20:40:56.149371
731,0.037367,3165.31,2026-02-10T20:41:04.587070
732,0.037493,4450.62,2026-02-10T20:41:13.021191
733,0.037446,4228.85,2026-02-10T20:41:21.482899
734,0.037376,6924.64,2026-02-10T20:41:29.759261
735,0.037461,7896.46,2026-02-10T20:41:37.981938
736,0.037486,4412.15,2026-02-10T20:41:46.369831
737,0.037415,7037.80,2026-02-10T20:41:54.549410
738,0.037480,6395.96,2026-02-10T20:42:02.769115
739,0.037454,4336.74,2026-02-10T20:42:11.108156
740,0.037450,9844.46,2026-02-10T20:42:19.370054
741,0.037414,6991.51,2026-02-10T20:42:27.270323
742,0.037434,3245.54,2026-02-10T20:42:35.414609
743,0.037496,7043.39,2026-02-10T20:42:43.565221
744,0.037494,3191.35,2026-02-10T20:42:52.052936
745,0.037405,4156.39,2026-02-10T20:43:00.477322
746,0.037409,7085.95,2026-02-10T20:43:08.850548
747,0.037428,9642.44,2026-02-10T20:43:17.119039
748,0.037417,4110.62,2026-02-10T20:43:25.423837
749,0.037384,4397.49,2026-02-10T20:43:33.726995
750,0.037428,4310.32,2026-02-10T20:43:42.166198
751,0.037446,4137.72,2026-02-10T20:43:50.408653
752,0.037372,7205.05,2026-02-10T20:43:58.561535
753,0.037431,6716.55,2026-02-10T20:44:06.958509
754,0.037438,7085.21,2026-02-10T20:44:15.294645
755,0.037380,9716.00,2026-02-10T20:44:23.597991
756,0.037431,4022.71,2026-02-10T20:44:32.139461
757,0.037371,4341.96,2026-02-10T20:44:40.739657
758,0.037415,4374.24,2026-02-10T20:44:49.101342
759,0.037406,3600.00,2026-02-10T20:44:57.673321
760,0.037430,4237.61,2026-02-10T20:45:06.098925
761,0.037415,6881.21,2026-02-10T20:45:14.855633
762,0.037347,4199.21,2026-02-10T20:45:23.416450
763,0.037391,4397.22,2026-02-10T20:45:31.918560
764,0.037363,7324.74,2026-02-10T20:45:40.446466
765,0.037398,4313.00,2026-02-10T20:45:49.054493
766,0.037429,3505.81,2026-02-10T20:45:57.636980
767,0.037421,9808.55,2026-02-10T20:46:06.403578
768,0.037388,4938.35,2026-02-10T20:46:15.101215
769,0.037416,4319.66,2026-02-10T20:46:23.810334
770,0.037347,4350.58,2026-02-10T20:46:32.744157
771,0.037397,9891.46,2026-02-10T20:46:41.417124
772,0.037417,4336.23,2026-02-10T20:46:50.084266
773,0.037381,4065.70,2026-02-10T20:46:58.977924
774,0.037400,4271.23,2026-02-10T20:47:07.736953
775,0.037304,4170.47,2026-02-10T20:47:16.618861
776,0.037441,4185.24,2026-02-10T20:47:25.673810
777,0.037413,4219.13,2026-02-10T20:47:34.788493
778,0.037357,5917.77,2026-02-10T20:47:44.180724
779,0.037356,4351.39,2026-02-10T20:47:53.327927
780,0.037334,9863.73,2026-02-10T20:48:02.354224
781,0.037382,6577.06,2026-02-10T20:48:11.572028
782,0.037405,4206.38,2026-02-10T20:48:20.370681
783,0.037330,9936.46,2026-02-10T20:48:29.381902
784,0.037347,9195.33,2026-02-10T20:48:38.179416
785,0.037311,4239.12,2026-02-10T20:48:46.978889
786,0.037380,7094.46,2026-02-10T20:48:55.834380
787,0.037362,6926.13,2026-02-10T20:49:04.588079
788,0.037372,7000.01,2026-02-10T20:49:12.951554
789,0.037330,4260.57,2026-02-10T20:49:21.413604
790,0.037317,4196.50,2026-02-10T20:49:29.851297
791,0.037305,7037.17,2026-02-10T20:49:38.400194
792,0.037303,4181.65,2026-02-10T20:49:46.986550
793,0.037310,7173.29,2026-02-10T20:49:55.103370
794,0.037307,4313.59,2026-02-10T20:50:03.505408
795,0.037286,4305.45,2026-02-10T20:50:11.968450
796,0.037376,7025.11,2026-02-10T20:50:20.192025
797,0.037293,4104.17,2026-02-10T20:50:28.471169
798,0.037348,6929.47,2026-02-10T20:50:36.832502
799,0.037293,6931.23,2026-02-10T20:50:45.091293
800,0.037359,9827.37,2026-02-10T20:50:53.497585
801,0.037338,6794.58,2026-02-10T20:51:01.938514
802,0.037285,6798.21,2026-02-10T20:51:10.368113
803,0.037291,8144.87,2026-02-10T20:51:18.890239
804,0.037298,4311.38,2026-02-10T20:51:27.186554
805,0.037341,5874.56,2026-02-10T20:51:35.672738
806,0.037291,9848.19,2026-02-10T20:51:44.338953
807,0.037277,7991.43,2026-02-10T20:51:52.568779
808,0.037326,9811.64,2026-02-10T20:52:01.036252
809,0.037309,4366.70,2026-02-10T20:52:09.471230
810,0.037303,8805.10,2026-02-10T20:52:17.919449
811,0.037247,3821.25,2026-02-10T20:52:26.263244
812,0.037282,7482.85,2026-02-10T20:52:34.587568
813,0.037267,7815.24,2026-02-10T20:52:43.025981
814,0.037285,7143.24,2026-02-10T20:52:51.431180
815,0.037369,4258.54,2026-02-10T20:52:59.822673
816,0.037258,9866.53,2026-02-10T20:53:08.065892
817,0.037270,4378.72,2026-02-10T20:53:16.565693
818,0.037293,8515.46,2026-02-10T20:53:24.964610
819,0.037316,3467.60,2026-02-10T20:53:33.547440
820,0.037279,6264.93,2026-02-10T20:53:42.011940
821,0.037279,6998.56,2026-02-10T20:53:50.646827
822,0.037303,3417.85,2026-02-10T20:53:59.133363
823,0.037324,6795.37,2026-02-10T20:54:07.578088
824,0.037289,4353.42,2026-02-10T20:54:15.886222
825,0.037260,4170.38,2026-02-10T20:54:24.233227
826,0.037340,4141.67,2026-02-10T20:54:32.906557
827,0.037206,5861.45,2026-02-10T20:54:41.671661
828,0.037263,4085.29,2026-02-10T20:54:50.578836
829,0.037317,6950.35,2026-02-10T20:54:59.434630
830,0.037266,6473.20,2026-02-10T20:55:08.448283
831,0.037272,7071.60,2026-02-10T20:55:17.315499
832,0.037307,7258.66,2026-02-10T20:55:26.378272
833,0.037280,9253.07,2026-02-10T20:55:35.426426
834,0.037170,6720.07,2026-02-10T20:55:44.458538
835,0.037308,7780.84,2026-02-10T20:55:53.432836
836,0.037249,7144.14,2026-02-10T20:56:02.628210
837,0.037126,4003.65,2026-02-10T20:56:11.508228
838,0.037255,12738.67,2026-02-10T20:56:20.554273
839,0.037310,8814.42,2026-02-10T20:56:29.541245
840,0.037324,11292.39,2026-02-10T20:56:38.523177
841,0.037240,6344.46,2026-02-10T20:56:47.716885
842,0.037306,4251.39,2026-02-10T20:56:56.577399
843,0.037247,4347.72,2026-02-10T20:57:05.561274
844,0.037220,7179.09,2026-02-10T20:57:14.582320
845,0.037225,9801.84,2026-02-10T20:57:23.594620
846,0.037232,4307.59,2026-02-10T20:57:32.535180
847,0.037246,9603.78,2026-02-10T20:57:41.683354
848,0.037216,4265.03,2026-02-10T20:57:50.425069
849,0.037240,6195.81,2026-02-10T20:57:59.207067
850,0.037232,7021.73,2026-02-10T20:58:08.118931
851,0.037201,4080.06,2026-02-10T20:58:17.011252
852,0.037263,12943.93,2026-02-10T20:58:25.865947
853,0.037210,6459.50,2026-02-10T20:58:34.539929
854,0.037160,7082.21,2026-02-10T20:58:43.051635
855,0.037237,4256.48,2026-02-10T20:58:51.441123
856,0.037219,9586.72,2026-02-10T20:58:59.861752
857,0.037276,4062.99,2026-02-10T20:59:08.136491
858,0.037172,7179.21,2026-02-10T20:59:16.476662
859,0.037241,4384.27,2026-02-10T20:59:24.733184
860,0.037127,3412.14,2026-02-10T20:59:32.991975
861,0.037191,7019.69,2026-02-10T20:59:41.245348
862,0.037218,6950.97,2026-02-10T20:59:49.633266
863,0.037224,7237.12,2026-02-10T20:59:57.689903
864,0.037211,9667.44,2026-02-10T21:00:06.059724
865,0.037246,4179.86,2026-02-10T21:00:14.196551
866,0.037134,9736.21,2026-02-10T21:00:22.458476
867,0.037187,9408.74,2026-02-10T21:00:30.750738
868,0.037184,4313.19,2026-02-10T21:00:38.907159
869,0.037200,4991.83,2026-02-10T21:00:47.455698
870,0.037152,4197.83,2026-02-10T21:00:55.568619
871,0.037251,4280.19,2026-02-10T21:01:03.870580
872,0.037167,5658.79,2026-02-10T21:01:12.178569
873,0.037222,12646.37,2026-02-10T21:01:20.319386
874,0.037195,7054.21,2026-02-10T21:01:28.447321
875,0.037196,4005.87,2026-02-10T21:01:36.745241
876,0.037107,6177.45,2026-02-10T21:01:45.041209
877,0.037170,7073.32,2026-02-10T21:01:53.393766
878,0.037166,7077.59,2026-02-10T21:02:01.567648
879,0.037147,5954.00,2026-02-10T21:02:09.873827
880,0.037167,3936.95,2026-02-10T21:02:17.951468
881,0.037183,11872.89,2026-02-10T21:02:26.117009
882,0.037107,7074.78,2026-02-10T21:02:34.524438
883,0.037229,4300.05,2026-02-10T21:02:42.767359
884,0.037172,4296.90,2026-02-10T21:02:51.102261
885,0.037143,6928.16,2026-02-10T21:02:59.466394
886,0.037147,6987.35,2026-02-10T21:03:07.986157
887,0.037238,9285.90,2026-02-10T21:03:16.282234
888,0.037145,7145.55,2026-02-10T21:03:24.725653
889,0.037147,4801.07,2026-02-10T21:03:33.341138
890,0.037144,7083.17,2026-02-10T21:03:41.921102
891,0.037161,3264.20,2026-02-10T21:03:50.569593
892,0.037100,7726.09,2026-02-10T21:03:59.364056
893,0.037156,9507.43,2026-02-10T21:04:08.326701
894,0.037116,7104.72,2026-02-10T21:04:17.186517
895,0.037136,4295.94,2026-02-10T21:04:25.957042
896,0.037207,4405.65,2026-02-10T21:04:34.686896
897,0.037113,5702.77,2026-02-10T21:04:43.610505
898,0.037139,3174.93,2026-02-10T21:04:52.532096
899,0.037118,5589.17,2026-02-10T21:05:01.196003
900,0.037122,12738.11,2026-02-10T21:05:10.335269
901,0.037252,7159.37,2026-02-10T21:05:19.280514
902,0.037156,5040.36,2026-02-10T21:05:28.179386
903,0.037090,4352.58,2026-02-10T21:05:37.068688
904,0.037147,6899.72,2026-02-10T21:05:45.868699
905,0.037146,9797.30,2026-02-10T21:05:54.610731
906,0.037097,3099.29,2026-02-10T21:06:03.229207
907,0.037169,4334.02,2026-02-10T21:06:12.165834
908,0.037174,7149.48,2026-02-10T21:06:20.681865
909,0.037172,4266.26,2026-02-10T21:06:29.521197
910,0.037178,7057.42,2026-02-10T21:06:38.462112
911,0.037169,4293.18,2026-02-10T21:06:48.317887
912,0.037103,4332.87,2026-02-10T21:06:57.371021
913,0.037092,4967.17,2026-02-10T21:07:06.308186
914,0.037162,11800.51,2026-02-10T21:07:15.261948
915,0.037155,6335.04,2026-02-10T21:07:23.873094
916,0.037105,6808.08,2026-02-10T21:07:32.552415
917,0.037133,6830.39,2026-02-10T21:07:41.055032
918,0.037091,7231.47,2026-02-10T21:07:49.693650
919,0.037062,9743.53,2026-02-10T21:07:58.408960
920,0.037114,8633.55,2026-02-10T21:08:07.227250
921,0.037209,7104.79,2026-02-10T21:08:15.916395
922,0.037086,7078.63,2026-02-10T21:08:24.489693
923,0.037136,4277.05,2026-02-10T21:08:33.180691
924,0.037117,6175.12,2026-02-10T21:08:41.520108
925,0.037154,9810.65,2026-02-10T21:08:50.264907
926,0.037114,10056.19,2026-02-10T21:08:58.639433
927,0.037097,7177.31,2026-02-10T21:09:07.051043
928,0.037163,6143.18,2026-02-10T21:09:15.402991
929,0.037094,4265.04,2026-02-10T21:09:23.736891
930,0.037081,4352.92,2026-02-10T21:09:32.102365
931,0.037091,4407.64,2026-02-10T21:09:40.204793
932,0.037128,6951.97,2026-02-10T21:09:48.468514
933,0.037104,4298.00,2026-02-10T21:09:56.903767
934,0.037063,5594.10,2026-02-10T21:10:05.397250
935,0.037145,7115.10,2026-02-10T21:10:13.657384
936,0.037131,9974.42,2026-02-10T21:10:21.998870
937,0.037087,9756.37,2026-02-10T21:10:30.199049
938,0.037091,3190.87,2026-02-10T21:10:38.619254
939,0.037123,4289.37,2026-02-10T21:10:46.957384
940,0.037119,6928.85,2026-02-10T21:10:55.271823
941,0.036976,7111.82,2026-02-10T21:11:03.670790
942,0.037151,10010.72,2026-02-10T21:11:11.983907
943,0.037110,4284.71,2026-02-10T21:11:20.475147
944,0.037070,4353.48,2026-02-10T21:11:28.663654
945,0.037057,3922.01,2026-02-10T21:11:37.362544
946,0.037052,7092.89,2026-02-10T21:11:45.856711
947,0.037102,4256.38,2026-02-10T21:11:54.257744
948,0.037051,7036.52,2026-02-10T21:12:02.752359
949,0.037041,3167.61,2026-02-10T21:12:11.089588
950,0.037076,6711.14,2026-02-10T21:12:19.366085
951,0.037081,4265.33,2026-02-10T21:12:27.843144
952,0.037019,9903.66,2026-02-10T21:12:36.148668
953,0.037037,6127.11,2026-02-10T21:12:44.508662
954,0.037082,7172.29,2026-02-10T21:12:52.713303
955,0.037060,4290.22,2026-02-10T21:13:01.111944
956,0.037023,6985.41,2026-02-10T21:13:09.439742
957,0.037107,4217.04,2026-02-10T21:13:17.891214
958,0.037062,6939.53,2026-02-10T21:13:26.293793
959,0.037084,4250.10,2026-02-10T21:13:34.743850
960,0.037093,7093.82,2026-02-10T21:13:43.264953
961,0.036985,9955.05,2026-02-10T21:13:51.716053
962,0.037058,4266.17,2026-02-10T21:14:00.377602
963,0.037053,7156.97,2026-02-10T21:14:09.395523
964,0.037010,7110.42,2026-02-10T21:14:18.140538
965,0.037064,6656.33,2026-02-10T21:14:27.040233
966,0.037053,6958.35,2026-02-10T21:14:36.159484
967,0.037087,9705.11,2026-02-10T21:14:45.203823
968,0.036974,7068.37,2026-02-10T21:14:54.111329
969,0.037098,3197.34,2026-02-10T21:15:03.069679
970,0.037028,9862.29,2026-02-10T21:15:12.128176
971,0.037021,6591.12,2026-02-10T21:15:21.236438
972,0.037016,5058.97,2026-02-10T21:15:30.327154
973,0.037060,4340.10,2026-02-10T21:15:39.583535
974,0.036979,6891.04,2026-02-10T21:15:48.697923
975,0.037008,6431.99,2026-02-10T21:15:57.688478
976,0.037010,10151.48,2026-02-10T21:16:06.731834
977,0.037105,6941.88,2026-02-10T21:16:15.692146
978,0.037072,7047.35,2026-02-10T21:16:24.719330
979,0.037024,4259.22,2026-02-10T21:16:33.774096
980,0.037049,3566.61,2026-02-10T21:16:42.848150
981,0.037012,10091.56,2026-02-10T21:16:51.598209
982,0.036997,4335.07,2026-02-10T21:17:00.187988
983,0.036977,4388.08,2026-02-10T21:17:08.906389
984,0.037065,5840.71,2026-02-10T21:17:17.451958
985,0.037042,7141.80,2026-02-10T21:17:26.005019
986,0.037007,3471.66,2026-02-10T21:17:34.416378
987,0.037004,3819.98,2026-02-10T21:17:42.898593
988,0.037070,4849.25,2026-02-10T21:17:51.403371
989,0.037038,7181.53,2026-02-10T21:17:59.905031
990,0.037045,7122.92,2026-02-10T21:18:08.229310
991,0.036930,9625.01,2026-02-10T21:18:16.597806
992,0.036946,7241.93,2026-02-10T21:18:25.048660
993,0.036975,9936.25,2026-02-10T21:18:33.653537
994,0.036983,4171.97,2026-02-10T21:18:42.046679
995,0.037012,9871.57,2026-02-10T21:18:50.316735
996,0.036975,3919.30,2026-02-10T21:18:58.537812
997,0.037068,4279.63,2026-02-10T21:19:06.748318
998,0.036997,4239.88,2026-02-10T21:19:14.947281
999,0.037035,7035.68,2026-02-10T21:19:23.315313
1000,0.036969,4168.77,2026-02-10T21:19:31.916618
